"month","production_type","gwh"
"2017M01","Total","16220"
"2017M01","VarmekrEjF","397"
"2017M01","VarmekrF","1343"
"2017M01","Vindkraft","1983"
"2017M01","Vattenkraft","5807"
"2017M01","Karnkraft","6690"
"2017M01","Solkraft",
"2017M02","Total","14575"
"2017M02","VarmekrEjF","380"
"2017M02","VarmekrF","1252"
"2017M02","Vindkraft","1370"
"2017M02","Vattenkraft","5457"
"2017M02","Karnkraft","6116"
"2017M02","Solkraft",
"2017M03","Total","15293"
"2017M03","VarmekrEjF","330"
"2017M03","VarmekrF","1274"
"2017M03","Vindkraft","1716"
"2017M03","Vattenkraft","5419"
"2017M03","Karnkraft","6555"
"2017M03","Solkraft",
"2017M04","Total","13722"
"2017M04","VarmekrEjF","232"
"2017M04","VarmekrF","1136"
"2017M04","Vindkraft","1453"
"2017M04","Vattenkraft","4753"
"2017M04","Karnkraft","6150"
"2017M04","Solkraft",
"2017M05","Total","12428"
"2017M05","VarmekrEjF","168"
"2017M05","VarmekrF","869"
"2017M05","Vindkraft","1090"
"2017M05","Vattenkraft","4626"
"2017M05","Karnkraft","5674"
"2017M05","Solkraft",
"2017M06","Total","10727"
"2017M06","VarmekrEjF","157"
"2017M06","VarmekrF","698"
"2017M06","Vindkraft","1315"
"2017M06","Vattenkraft","4102"
"2017M06","Karnkraft","4455"
"2017M06","Solkraft",
"2017M07","Total","11286"
"2017M07","VarmekrEjF","185"
"2017M07","VarmekrF","643"
"2017M07","Vindkraft","1022"
"2017M07","Vattenkraft","5144"
"2017M07","Karnkraft","4291"
"2017M07","Solkraft",
"2017M08","Total","10954"
"2017M08","VarmekrEjF","125"
"2017M08","VarmekrF","671"
"2017M08","Vindkraft","1134"
"2017M08","Vattenkraft","5369"
"2017M08","Karnkraft","3656"
"2017M08","Solkraft",
"2017M09","Total","10837"
"2017M09","VarmekrEjF","147"
"2017M09","VarmekrF","712"
"2017M09","Vindkraft","1011"
"2017M09","Vattenkraft","5842"
"2017M09","Karnkraft","3124"
"2017M09","Solkraft",
"2017M10","Total","12780"
"2017M10","VarmekrEjF","204"
"2017M10","VarmekrF","963"
"2017M10","Vindkraft","1931"
"2017M10","Vattenkraft","5507"
"2017M10","Karnkraft","4175"
"2017M10","Solkraft",
"2017M11","Total","14667"
"2017M11","VarmekrEjF","288"
"2017M11","VarmekrF","1079"
"2017M11","Vindkraft","1645"
"2017M11","Vattenkraft","5908"
"2017M11","Karnkraft","5748"
"2017M11","Solkraft",
"2017M12","Total","15854"
"2017M12","VarmekrEjF","351"
"2017M12","VarmekrF","1284"
"2017M12","Vindkraft","1837"
"2017M12","Vattenkraft","6004"
"2017M12","Karnkraft","6378"
"2017M12","Solkraft",
"2018M01","Total","16202"
"2018M01","VarmekrEjF","431"
"2018M01","VarmekrF","1316"
"2018M01","Vindkraft","1514"
"2018M01","Vattenkraft","6736"
"2018M01","Karnkraft","6204"
"2018M01","Solkraft",
"2018M02","Total","15217"
"2018M02","VarmekrEjF","470"
"2018M02","VarmekrF","1188"
"2018M02","Vindkraft","1128"
"2018M02","Vattenkraft","6650"
"2018M02","Karnkraft","5782"
"2018M02","Solkraft",
"2018M03","Total","15772"
"2018M03","VarmekrEjF","431"
"2018M03","VarmekrF","1225"
"2018M03","Vindkraft","1160"
"2018M03","Vattenkraft","6591"
"2018M03","Karnkraft","6365"
"2018M03","Solkraft",
"2018M04","Total","12961"
"2018M04","VarmekrEjF","222"
"2018M04","VarmekrF","970"
"2018M04","Vindkraft","1289"
"2018M04","Vattenkraft","4922"
"2018M04","Karnkraft","5559"
"2018M04","Solkraft",
"2018M05","Total","12852"
"2018M05","VarmekrEjF","159"
"2018M05","VarmekrF","744"
"2018M05","Vindkraft","1034"
"2018M05","Vattenkraft","6071"
"2018M05","Karnkraft","4844"
"2018M05","Solkraft",
"2018M06","Total","11353"
"2018M06","VarmekrEjF","153"
"2018M06","VarmekrF","665"
"2018M06","Vindkraft","1328"
"2018M06","Vattenkraft","3863"
"2018M06","Karnkraft","5343"
"2018M06","Solkraft",
"2018M07","Total","9973"
"2018M07","VarmekrEjF","162"
"2018M07","VarmekrF","613"
"2018M07","Vindkraft","653"
"2018M07","Vattenkraft","3142"
"2018M07","Karnkraft","5403"
"2018M07","Solkraft",
"2018M08","Total","10336"
"2018M08","VarmekrEjF","149"
"2018M08","VarmekrF","658"
"2018M08","Vindkraft","1294"
"2018M08","Vattenkraft","3617"
"2018M08","Karnkraft","4618"
"2018M08","Solkraft",
"2018M09","Total","10781"
"2018M09","VarmekrEjF","118"
"2018M09","VarmekrF","765"
"2018M09","Vindkraft","1948"
"2018M09","Vattenkraft","3863"
"2018M09","Karnkraft","4088"
"2018M09","Solkraft",
"2018M10","Total","12941"
"2018M10","VarmekrEjF","201"
"2018M10","VarmekrF","927"
"2018M10","Vindkraft","1988"
"2018M10","Vattenkraft","3962"
"2018M10","Karnkraft","5863"
"2018M10","Solkraft",
"2018M11","Total","14156"
"2018M11","VarmekrEjF","275"
"2018M11","VarmekrF","1240"
"2018M11","Vindkraft","1661"
"2018M11","Vattenkraft","5470"
"2018M11","Karnkraft","5510"
"2018M11","Solkraft",
"2018M12","Total","15955"
"2018M12","VarmekrEjF","500"
"2018M12","VarmekrF","1466"
"2018M12","Vindkraft","1642"
"2018M12","Vattenkraft","6126"
"2018M12","Karnkraft","6222"
"2018M12","Solkraft",
"2019M01","Total","16383"
"2019M01","VarmekrEjF","563"
"2019M01","VarmekrF","1519"
"2019M01","Vindkraft","1840"
"2019M01","Vattenkraft","6407"
"2019M01","Karnkraft","6050"
"2019M01","Solkraft","4"
"2019M02","Total","14745"
"2019M02","VarmekrEjF","411"
"2019M02","VarmekrF","1281"
"2019M02","Vindkraft","2086"
"2019M02","Vattenkraft","5456"
"2019M02","Karnkraft","5497"
"2019M02","Solkraft","14"
"2019M03","Total","15687"
"2019M03","VarmekrEjF","398"
"2019M03","VarmekrF","1361"
"2019M03","Vindkraft","2375"
"2019M03","Vattenkraft","5766"
"2019M03","Karnkraft","5760"
"2019M03","Solkraft","27"
"2019M04","Total","13382"
"2019M04","VarmekrEjF","234"
"2019M04","VarmekrF","1171"
"2019M04","Vindkraft","1326"
"2019M04","Vattenkraft","5380"
"2019M04","Karnkraft","5211"
"2019M04","Solkraft","60"
"2019M05","Total","12794"
"2019M05","VarmekrEjF","118"
"2019M05","VarmekrF","914"
"2019M05","Vindkraft","1409"
"2019M05","Vattenkraft","5368"
"2019M05","Karnkraft","4930"
"2019M05","Solkraft","57"
"2019M06","Total","12905"
"2019M06","VarmekrEjF","98"
"2019M06","VarmekrF","720"
"2019M06","Vindkraft","1357"
"2019M06","Vattenkraft","4889"
"2019M06","Karnkraft","5771"
"2019M06","Solkraft","69"
"2019M07","Total","11994"
"2019M07","VarmekrEjF","158"
"2019M07","VarmekrF","724"
"2019M07","Vindkraft","1055"
"2019M07","Vattenkraft","4950"
"2019M07","Karnkraft","5036"
"2019M07","Solkraft","71"
"2019M08","Total","10873"
"2019M08","VarmekrEjF","132"
"2019M08","VarmekrF","720"
"2019M08","Vindkraft","1197"
"2019M08","Vattenkraft","3827"
"2019M08","Karnkraft","4930"
"2019M08","Solkraft","67"
"2019M09","Total","11405"
"2019M09","VarmekrEjF","124"
"2019M09","VarmekrF","761"
"2019M09","Vindkraft","1657"
"2019M09","Vattenkraft","4464"
"2019M09","Karnkraft","4351"
"2019M09","Solkraft","49"
"2019M10","Total","13949"
"2019M10","VarmekrEjF","161"
"2019M10","VarmekrF","1007"
"2019M10","Vindkraft","1638"
"2019M10","Vattenkraft","5660"
"2019M10","Karnkraft","5457"
"2019M10","Solkraft","25"
"2019M11","Total","14862"
"2019M11","VarmekrEjF","176"
"2019M11","VarmekrF","1277"
"2019M11","Vindkraft","1484"
"2019M11","Vattenkraft","6333"
"2019M11","Karnkraft","5585"
"2019M11","Solkraft","6"
"2019M12","Total","15918"
"2019M12","VarmekrEjF","194"
"2019M12","VarmekrF","1365"
"2019M12","Vindkraft","2478"
"2019M12","Vattenkraft","6122"
"2019M12","Karnkraft","5755"
"2019M12","Solkraft","4"
"2020M01","Total","16731"
"2020M01","VarmekrEjF","196"
"2020M01","VarmekrF","1320"
"2020M01","Vindkraft","3514"
"2020M01","Vattenkraft","5935"
"2020M01","Karnkraft","5760"
"2020M01","Solkraft","7"
"2020M02","Total","15521"
"2020M02","VarmekrEjF","168"
"2020M02","VarmekrF","1136"
"2020M02","Vindkraft","3051"
"2020M02","Vattenkraft","6462"
"2020M02","Karnkraft","4684"
"2020M02","Solkraft","20"
"2020M03","Total","16485"
"2020M03","VarmekrEjF","159"
"2020M03","VarmekrF","1099"
"2020M03","Vindkraft","2975"
"2020M03","Vattenkraft","7011"
"2020M03","Karnkraft","5181"
"2020M03","Solkraft","60"
"2020M04","Total","13742"
"2020M04","VarmekrEjF","139"
"2020M04","VarmekrF","831"
"2020M04","Vindkraft","2503"
"2020M04","Vattenkraft","6216"
"2020M04","Karnkraft","3953"
"2020M04","Solkraft","100"
"2020M05","Total","12195"
"2020M05","VarmekrEjF","140"
"2020M05","VarmekrF","795"
"2020M05","Vindkraft","1668"
"2020M05","Vattenkraft","6081"
"2020M05","Karnkraft","3398"
"2020M05","Solkraft","113"
"2020M06","Total","10324"
"2020M06","VarmekrEjF","142"
"2020M06","VarmekrF","682"
"2020M06","Vindkraft","1152"
"2020M06","Vattenkraft","5333"
"2020M06","Karnkraft","2890"
"2020M06","Solkraft","125"
"2020M07","Total","11018"
"2020M07","VarmekrEjF","151"
"2020M07","VarmekrF","645"
"2020M07","Vindkraft","1770"
"2020M07","Vattenkraft","4684"
"2020M07","Karnkraft","3656"
"2020M07","Solkraft","112"
"2020M08","Total","10511"
"2020M08","VarmekrEjF","97"
"2020M08","VarmekrF","654"
"2020M08","Vindkraft","1204"
"2020M08","Vattenkraft","5863"
"2020M08","Karnkraft","2563"
"2020M08","Solkraft","130"
"2020M09","Total","11117"
"2020M09","VarmekrEjF","136"
"2020M09","VarmekrF","754"
"2020M09","Vindkraft","2369"
"2020M09","Vattenkraft","4628"
"2020M09","Karnkraft","3148"
"2020M09","Solkraft","82"
"2020M10","Total","12919"
"2020M10","VarmekrEjF","175"
"2020M10","VarmekrF","864"
"2020M10","Vindkraft","2227"
"2020M10","Vattenkraft","5705"
"2020M10","Karnkraft","3911"
"2020M10","Solkraft","37"
"2020M11","Total","14054"
"2020M11","VarmekrEjF","159"
"2020M11","VarmekrF","971"
"2020M11","Vindkraft","3120"
"2020M11","Vattenkraft","6198"
"2020M11","Karnkraft","3590"
"2020M11","Solkraft","16"
"2020M12","Total","15095"
"2020M12","VarmekrEjF","201"
"2020M12","VarmekrF","1208"
"2020M12","Vindkraft","2036"
"2020M12","Vattenkraft","7120"
"2020M12","Karnkraft","4527"
"2020M12","Solkraft","3"
"2021M01","Total","16556"
"2021M01","VarmekrEjF","341"
"2021M01","VarmekrF","1478"
"2021M01","Vindkraft","1628"
"2021M01","Vattenkraft","8101"
"2021M01","Karnkraft","5000"
"2021M01","Solkraft","8"
"2021M02","Total","15478"
"2021M02","VarmekrEjF","322"
"2021M02","VarmekrF","1260"
"2021M02","Vindkraft","2414"
"2021M02","Vattenkraft","6814"
"2021M02","Karnkraft","4644"
"2021M02","Solkraft","24"
"2021M03","Total","15984"
"2021M03","VarmekrEjF","177"
"2021M03","VarmekrF","1345"
"2021M03","Vindkraft","3015"
"2021M03","Vattenkraft","6325"
"2021M03","Karnkraft","5040"
"2021M03","Solkraft","82"
"2021M04","Total","14908"
"2021M04","VarmekrEjF","152"
"2021M04","VarmekrF","1112"
"2021M04","Vindkraft","2701"
"2021M04","Vattenkraft","5870"
"2021M04","Karnkraft","4929"
"2021M04","Solkraft","144"
"2021M05","Total","12702"
"2021M05","VarmekrEjF","171"
"2021M05","VarmekrF","877"
"2021M05","Vindkraft","1491"
"2021M05","Vattenkraft","6255"
"2021M05","Karnkraft","3772"
"2021M05","Solkraft","136"
"2021M06","Total","11062"
"2021M06","VarmekrEjF","159"
"2021M06","VarmekrF","660"
"2021M06","Vindkraft","1356"
"2021M06","Vattenkraft","5380"
"2021M06","Karnkraft","3326"
"2021M06","Solkraft","181"
"2021M07","Total","11497"
"2021M07","VarmekrEjF","142"
"2021M07","VarmekrF","680"
"2021M07","Vindkraft","1555"
"2021M07","Vattenkraft","5468"
"2021M07","Karnkraft","3462"
"2021M07","Solkraft","190"
"2021M08","Total","11631"
"2021M08","VarmekrEjF","111"
"2021M08","VarmekrF","754"
"2021M08","Vindkraft","1899"
"2021M08","Vattenkraft","5493"
"2021M08","Karnkraft","3217"
"2021M08","Solkraft","157"
"2021M09","Total","12056"
"2021M09","VarmekrEjF","155"
"2021M09","VarmekrF","864"
"2021M09","Vindkraft","2228"
"2021M09","Vattenkraft","4980"
"2021M09","Karnkraft","3721"
"2021M09","Solkraft","108"
"2021M10","Total","14261"
"2021M10","VarmekrEjF","143"
"2021M10","VarmekrF","979"
"2021M10","Vindkraft","3335"
"2021M10","Vattenkraft","5377"
"2021M10","Karnkraft","4369"
"2021M10","Solkraft","58"
"2021M11","Total","15600"
"2021M11","VarmekrEjF","193"
"2021M11","VarmekrF","1287"
"2021M11","Vindkraft","2864"
"2021M11","Vattenkraft","6283"
"2021M11","Karnkraft","4949"
"2021M11","Solkraft","24"
"2021M12","Total","17259"
"2021M12","VarmekrEjF","327"
"2021M12","VarmekrF","1649"
"2021M12","Vindkraft","2997"
"2021M12","Vattenkraft","7263"
"2021M12","Karnkraft","5015"
"2021M12","Solkraft","8"
"2022M01","Total","17154"
"2022M01","VarmekrEjF","209"
"2022M01","VarmekrF","1571"
"2022M01","Vindkraft","4222"
"2022M01","Vattenkraft","6167"
"2022M01","Karnkraft","4957"
"2022M01","Solkraft","28"
"2022M02","Total","15543"
"2022M02","VarmekrEjF","144"
"2022M02","VarmekrF","1347"
"2022M02","Vindkraft","3637"
"2022M02","Vattenkraft","6010"
"2022M02","Karnkraft","4349"
"2022M02","Solkraft","56"
"2022M03","Total","16272"
"2022M03","VarmekrEjF","186"
"2022M03","VarmekrF","1467"
"2022M03","Vindkraft","3320"
"2022M03","Vattenkraft","5979"
"2022M03","Karnkraft","5124"
"2022M03","Solkraft","196"
"2022M04","Total","14079"
"2022M04","VarmekrEjF","170"
"2022M04","VarmekrF","1255"
"2022M04","Vindkraft","2236"
"2022M04","Vattenkraft","5705"
"2022M04","Karnkraft","4490"
"2022M04","Solkraft","223"
"2022M05","Total","13122"
"2022M05","VarmekrEjF","165"
"2022M05","VarmekrF","988"
"2022M05","Vindkraft","2769"
"2022M05","Vattenkraft","5178"
"2022M05","Karnkraft","3761"
"2022M05","Solkraft","261"
"2022M06","Total","12106"
"2022M06","VarmekrEjF","160"
"2022M06","VarmekrF","760"
"2022M06","Vindkraft","1856"
"2022M06","Vattenkraft","5379"
"2022M06","Karnkraft","3677"
"2022M06","Solkraft","274"
"2022M07","Total","13147"
"2022M07","VarmekrEjF","150"
"2022M07","VarmekrF","715"
"2022M07","Vindkraft","2251"
"2022M07","Vattenkraft","5650"
"2022M07","Karnkraft","4096"
"2022M07","Solkraft","285"
"2022M08","Total","13172"
"2022M08","VarmekrEjF","154"
"2022M08","VarmekrF","752"
"2022M08","Vindkraft","1938"
"2022M08","Vattenkraft","5778"
"2022M08","Karnkraft","4264"
"2022M08","Solkraft","286"
"2022M09","Total","12257"
"2022M09","VarmekrEjF","135"
"2022M09","VarmekrF","837"
"2022M09","Vindkraft","2001"
"2022M09","Vattenkraft","5710"
"2022M09","Karnkraft","3374"
"2022M09","Solkraft","200"
"2022M10","Total","13746"
"2022M10","VarmekrEjF","140"
"2022M10","VarmekrF","920"
"2022M10","Vindkraft","3472"
"2022M10","Vattenkraft","5188"
"2022M10","Karnkraft","3912"
"2022M10","Solkraft","114"
"2022M11","Total","13942"
"2022M11","VarmekrEjF","173"
"2022M11","VarmekrF","1120"
"2022M11","Vindkraft","2281"
"2022M11","Vattenkraft","6303"
"2022M11","Karnkraft","4033"
"2022M11","Solkraft","32"
"2022M12","Total","15319"
"2022M12","VarmekrEjF","304"
"2022M12","VarmekrF","1461"
"2022M12","Vindkraft","3069"
"2022M12","Vattenkraft","6490"
"2022M12","Karnkraft","3987"
"2022M12","Solkraft","8"
"2023M01","Total","15958"
"2023M01","VarmekrEjF","178"
"2023M01","VarmekrF","1380"
"2023M01","Vindkraft","3991"
"2023M01","Vattenkraft","6068"
"2023M01","Karnkraft","4311"
"2023M01","Solkraft","30"
"2023M02","Total","15225"
"2023M02","VarmekrEjF","196"
"2023M02","VarmekrF","1281"
"2023M02","Vindkraft","4042"
"2023M02","Vattenkraft","5737"
"2023M02","Karnkraft","3868"
"2023M02","Solkraft","101"
"2023M03","Total","15692"
"2023M03","VarmekrEjF","190"
"2023M03","VarmekrF","1385"
"2023M03","Vindkraft","3395"
"2023M03","Vattenkraft","6530"
"2023M03","Karnkraft","4030"
"2023M03","Solkraft","162"
"2023M04","Total","13291"
"2023M04","VarmekrEjF","153"
"2023M04","VarmekrF","1051"
"2023M04","Vindkraft","2096"
"2023M04","Vattenkraft","5455"
"2023M04","Karnkraft","4171"
"2023M04","Solkraft","365"
"2023M05","Total","12302"
"2023M05","VarmekrEjF","136"
"2023M05","VarmekrF","837"
"2023M05","Vindkraft","2620"
"2023M05","Vattenkraft","4983"
"2023M05","Karnkraft","3147"
"2023M05","Solkraft","579"
"2023M06","Total","10617"
"2023M06","VarmekrEjF","117"
"2023M06","VarmekrF","653"
"2023M06","Vindkraft","1907"
"2023M06","Vattenkraft","3922"
"2023M06","Karnkraft","3461"
"2023M06","Solkraft","557"
"2023M07","Total","10794"
"2023M07","VarmekrEjF","127"
"2023M07","VarmekrF","670"
"2023M07","Vindkraft","2155"
"2023M07","Vattenkraft","3765"
"2023M07","Karnkraft","3616"
"2023M07","Solkraft","461"
"2023M08","Total","11720"
"2023M08","VarmekrEjF","115"
"2023M08","VarmekrF","636"
"2023M08","Vindkraft","1860"
"2023M08","Vattenkraft","5445"
"2023M08","Karnkraft","3362"
"2023M08","Solkraft","302"
"2023M09","Total","11281"
"2023M09","VarmekrEjF","132"
"2023M09","VarmekrF","562"
"2023M09","Vindkraft","3075"
"2023M09","Vattenkraft","4331"
"2023M09","Karnkraft","2878"
"2023M09","Solkraft","303"
"2023M10","Total","14308"
"2023M10","VarmekrEjF","103"
"2023M10","VarmekrF","692"
"2023M10","Vindkraft","3412"
"2023M10","Vattenkraft","5901"
"2023M10","Karnkraft","4027"
"2023M10","Solkraft","173"
"2023M11","Total","15769"
"2023M11","VarmekrEjF","293"
"2023M11","VarmekrF","1060"
"2023M11","Vindkraft","2795"
"2023M11","Vattenkraft","6805"
"2023M11","Karnkraft","4765"
"2023M11","Solkraft","51"
"2023M12","Total","16190"
"2023M12","VarmekrEjF","324"
"2023M12","VarmekrF","1215"
"2023M12","Vindkraft","2889"
"2023M12","Vattenkraft","6795"
"2023M12","Karnkraft","4953"
"2023M12","Solkraft","14"
"2024M01","Total","17343"
"2024M01","VarmekrEjF","264"
"2024M01","VarmekrF","1200"
"2024M01","Vindkraft","4669"
"2024M01","Vattenkraft","6559"
"2024M01","Karnkraft","4609"
"2024M01","Solkraft","41"
"2024M02","Total","15744"
"2024M02","VarmekrEjF","144"
"2024M02","VarmekrF","1094"
"2024M02","Vindkraft","3774"
"2024M02","Vattenkraft","5993"
"2024M02","Karnkraft","4652"
"2024M02","Solkraft","86"
"2024M03","Total","15737"
"2024M03","VarmekrEjF","146"
"2024M03","VarmekrF","1229"
"2024M03","Vindkraft","2752"
"2024M03","Vattenkraft","6545"
"2024M03","Karnkraft","4819"
"2024M03","Solkraft","245"
"2024M04","Total","13672"
"2024M04","VarmekrEjF","167"
"2024M04","VarmekrF","1017"
"2024M04","Vindkraft","2880"
"2024M04","Vattenkraft","5440"
"2024M04","Karnkraft","3797"
"2024M04","Solkraft","372"
"2024M05","Total","12992"
"2024M05","VarmekrEjF","128"
"2024M05","VarmekrF","699"
"2024M05","Vindkraft","2235"
"2024M05","Vattenkraft","5608"
"2024M05","Karnkraft","3558"
"2024M05","Solkraft","763"
"2024M06","Total","11494"
"2024M06","VarmekrEjF","139"
"2024M06","VarmekrF","619"
"2024M06","Vindkraft","2318"
"2024M06","Vattenkraft","4289"
"2024M06","Karnkraft","3482"
"2024M06","Solkraft","647"
"2024M07","Total","11550"
"2024M07","VarmekrEjF","132"
"2024M07","VarmekrF","639"
"2024M07","Vindkraft","2125"
"2024M07","Vattenkraft","4411"
"2024M07","Karnkraft","3639"
"2024M07","Solkraft","604"
"2024M08","Total","12890"
"2024M08","VarmekrEjF","81"
"2024M08","VarmekrF","625"
"2024M08","Vindkraft","3097"
"2024M08","Vattenkraft","4195"
"2024M08","Karnkraft","4331"
"2024M08","Solkraft","560"
"2024M09","Total","12213"
"2024M09","VarmekrEjF","86"
"2024M09","VarmekrF","491"
"2024M09","Vindkraft","2808"
"2024M09","Vattenkraft","4999"
"2024M09","Karnkraft","3393"
"2024M09","Solkraft","437"
"2024M10","Total","14055"
"2024M10","VarmekrEjF","89"
"2024M10","VarmekrF","554"
"2024M10","Vindkraft","3948"
"2024M10","Vattenkraft","5233"
"2024M10","Karnkraft","3992"
"2024M10","Solkraft","238"
"2024M11","Total","15462"
"2024M11","VarmekrEjF","131"
"2024M11","VarmekrF","908"
"2024M11","Vindkraft","4639"
"2024M11","Vattenkraft","5563"
"2024M11","Karnkraft","4104"
"2024M11","Solkraft","117"
"2024M12","Total","16621"
"2024M12","VarmekrEjF","147"
"2024M12","VarmekrF","1034"
"2024M12","Vindkraft","5548"
"2024M12","Vattenkraft","5526"
"2024M12","Karnkraft","4330"
"2024M12","Solkraft","35"
"2025M01","Total","17049"
"2025M01","VarmekrEjF","161"
"2025M01","VarmekrF","1119"
"2025M01","Vindkraft","4546"
"2025M01","Vattenkraft","6846"
"2025M01","Karnkraft","4332"
"2025M01","Solkraft","44"
"2025M02","Total","15789"
"2025M02","VarmekrEjF","150"
"2025M02","VarmekrF","1123"
"2025M02","Vindkraft","3379"
"2025M02","Vattenkraft","6389"
"2025M02","Karnkraft","4577"
"2025M02","Solkraft","172"
"2025M03","Total","16283"
"2025M03","VarmekrEjF","146"
"2025M03","VarmekrF","1049"
"2025M03","Vindkraft","4223"
"2025M03","Vattenkraft","5713"
"2025M03","Karnkraft","4674"
"2025M03","Solkraft","478"
"2025M04","Total","13910"
"2025M04","VarmekrEjF","141"
"2025M04","VarmekrF","828"
"2025M04","Vindkraft","2927"
"2025M04","Vattenkraft","5512"
"2025M04","Karnkraft","3898"
"2025M04","Solkraft","604"
"2025M05","Total","12429"
"2025M05","VarmekrEjF","140"
"2025M05","VarmekrF","738"
"2025M05","Vindkraft","3321"
"2025M05","Vattenkraft","4301"
"2025M05","Karnkraft","3328"
"2025M05","Solkraft","602"
"2025M06","Total","11347"
"2025M06","VarmekrEjF","122"
"2025M06","VarmekrF","569"
"2025M06","Vindkraft","2641"
"2025M06","Vattenkraft","4117"
"2025M06","Karnkraft","3233"
"2025M06","Solkraft","665"
"2025M07","Total","12113"
"2025M07","VarmekrEjF","119"
"2025M07","VarmekrF","549"
"2025M07","Vindkraft","1542"
"2025M07","Vattenkraft","5973"
"2025M07","Karnkraft","3285"
"2025M07","Solkraft","646"
"2025M08","Total","11898"
"2025M08","VarmekrEjF","89"
"2025M08","VarmekrF","597"
"2025M08","Vindkraft","2674"
"2025M08","Vattenkraft","5127"
"2025M08","Karnkraft","2814"
"2025M08","Solkraft","596"
"2025M09","Total","11579"
"2025M09","VarmekrEjF","88"
"2025M09","VarmekrF","560"
"2025M09","Vindkraft","2642"
"2025M09","Vattenkraft","5123"
"2025M09","Karnkraft","2800"
"2025M09","Solkraft","367"
"2025M10","Total","13185"
"2025M10","VarmekrEjF","133"
"2025M10","VarmekrF","687"
"2025M10","Vindkraft","3281"
"2025M10","Vattenkraft","5637"
"2025M10","Karnkraft","3271"
"2025M10","Solkraft","177"
"2025M11","Total","15397"
"2025M11","VarmekrEjF","161"
"2025M11","VarmekrF","1024"
"2025M11","Vindkraft","3540"
"2025M11","Vattenkraft","6497"
"2025M11","Karnkraft","4123"
"2025M11","Solkraft","52"
"2025M12","Total","16907"
"2025M12","VarmekrEjF","155"
"2025M12","VarmekrF","1175"
"2025M12","Vindkraft","4257"
"2025M12","Vattenkraft","6840"
"2025M12","Karnkraft","4452"
"2025M12","Solkraft","28"
"2026M01","Total","18257"
"2026M01","VarmekrEjF","272"
"2026M01","VarmekrF","1437"
"2026M01","Vindkraft","3248"
"2026M01","Vattenkraft","8144"
"2026M01","Karnkraft","5113"
"2026M01","Solkraft","42"
"2026M02","Total","16295"
"2026M02","VarmekrEjF","250"
"2026M02","VarmekrF","1339"
"2026M02","Vindkraft","3207"
"2026M02","Vattenkraft","6833"
"2026M02","Karnkraft","4552"
"2026M02","Solkraft","113"
"2026M03","Total","15524"
"2026M03","VarmekrEjF","174"
"2026M03","VarmekrF","1232"
"2026M03","Vindkraft","4768"
"2026M03","Vattenkraft","5516"
"2026M03","Karnkraft","3455"
"2026M03","Solkraft","378"
"2026M04","Total","13728"
"2026M04","VarmekrEjF","163"
"2026M04","VarmekrF","1023"
"2026M04","Vindkraft","3721"
"2026M04","Vattenkraft","5044"
"2026M04","Karnkraft","3106"
"2026M04","Solkraft","670"
"2026M05","Total","12019"
"2026M05","VarmekrEjF","146"
"2026M05","VarmekrF","906"
"2026M05","Vindkraft","2992"
"2026M05","Vattenkraft","4807"
"2026M05","Karnkraft","2467"
"2026M05","Solkraft","701"
"2026M06","Total","10500"
"2026M06","VarmekrEjF","154"
"2026M06","VarmekrF","708"
"2026M06","Vindkraft","2497"
"2026M06","Vattenkraft","4467"
"2026M06","Karnkraft","2008"
"2026M06","Solkraft","666"
